name,sub,views,likes,comments
MOMO’s,221.7K,26M,2.8M,29.4K
Doja Cat,22.2M,25.4M,5M,36.7K
Kiệt Ắk Wỷ,2.1M,20.7M,3.5M,38.8K
charli d’amelio,135.4M,18.7M,2.6M,54.7K
Iran Ferreira (Lai),11.4M,24.8M,2.6M,32.7K
Bad Bunny,16.1M,17.6M,4M,28K
Khabane lame,135.2M,17.7M,2.3M,18K
Leo Mahalo,6.8M,19M,2.2M,11.8K
Daniel Gorringe,5.6M,9.9M,1.8M,25.3K
Jenn Melon,2M,11M,2.3M,15.1K
Joung Gustav,1.9M,16.4M,2.2M,9.9K
TOMORROW X TOGETHER,16.2M,7.7M,1.8M,33.2K
Pongámoslo a Prueba,30.4M,16M,2.5M,6.3K
B. Dylan Hollis,7.6M,8.6M,1.6M,11.5K
👑Łyczuu👑,1.5M,11.8M,1.4M,16.1K
JuanDa.,17.1M,7.5M,1.7M,9.1K
A <3,745.2K,6.2M,1.1M,8.8K
Zlusha,2M,7.2M,1.1M,12.9K
Amaury Guichon,5.4M,11M,1.6M,5.8K
Eu Pereira,4.6M,12.2M,1.2M,5.7K
DRUSKI,3.2M,6.4M,1.2M,7.7K
Adrian Bliss,5.2M,7.7M,1.5M,5.4K
Kimberly Loaiza,61M,9.9M,1.3M,14.1K
Deborah yowa,10.3M,12.6M,688.7K,17K
Николай,9.4M,8.5M,982.3K,22.5K
Dominik,50.7M,7.9M,1.2M,17.3K
Diego Rodríguez,238.1K,9.1M,845K,9.1K
Addison Rae,87.3M,9.3M,1.2M,13.4K
mastertingus,1.5M,4.2M,859.2K,25.1K
Santan,1.1M,6.2M,1M,21.3K
Colson,3.4M,10.8M,822.6K,13.7K
Bella Poarch,88.5M,11.1M,1M,14.3K
daddyyankee,10.4M,6M,696.3K,18.1K
NCT Official,7.3M,3.2M,1.2M,23.1K
Zeth,10.8M,6.6M,1.3M,4.1K
LARRAY,25.6M,5.4M,1.2M,17.6K
MrBeast,34.7M,6.8M,1.1M,16.1K
Stray Kids,10.8M,2.9M,1.1M,27.6K
Fernanda,26.1M,7.8M,1.1M,10.3K
nicocapone.comedy,20.3M,11.8M,691.8K,3.9K
HoneyBobaBear,7.8M,10.1M,1.4M,5K
mason,2M,4.4M,1.2M,7.3K
Kayla Nicole,10.2M,6.1M,999.3K,4.9K
JæBæ,509.7K,5.4M,966.4K,5.4K
Terry Reloaded,3.9M,4.9M,1M,6.3K
soysuco,9.6M,6.3M,999.5K,11.1K
ITZY,7.3M,4.7M,1.2M,10.4K
Old Time Hawkey,5.1M,4.8M,831.6K,11K
Jack Harlow,3.3M,8.3M,837K,4.9K
Conor Maynard,6.2M,5.8M,794.3K,8.9K
Conor Maynard,6.2M,5.8M,794.3K,8.9K
Sassa Gurl,5.3M,6M,969.6K,6.2K
Terry Reloaded,4M,4.4M,955.3K,6.2K
Jimmy Darts,8.1M,5.3M,893.4K,10.3K
Alshad Ahmad,1.6M,7.3M,761.9K,6.2K
バヤシ🥑Bayashi,24.1M,7.7M,958K,5.8K
La Rosalia,18.3M,9.8M,978.5K,3.8K
Daniel LaBelle,25.5M,4.6M,754.9K,5.5K
Mason Mount,2.8M,4.8M,806.9K,9.9K
Andrew Schulz,3M,4M,602.2K,2.2K
activesufi,364.6K,13.8M,1.1M,2.2K
Hayley Morris,2.9M,4.6M,586.9K,1.9K
lil nas x,27.7M,5.7M,804.6K,9K
Will Smith,67.4M,6.9M,658.5K,10K
Clari,129.5K,3.9M,370K,2.7K
Prite Netijen Netirattanapaiboon,2.7M,8M,924.8K,3.7K
Payton King,5.1M,2.8M,685.4K,11.8K
Lexi Rivera,21.1M,7M,937.4K,6.2K
Snoop Dogg,19.7M,7.4M,647.2K,6.6K
tuckerbudzyn,10.1M,4M,638.6K,3.3K
Jaykindafunny,23.3M,9.6M,685.7K,2.4K
Solsito.pe,80.2K,3.5M,503.1K,10.6K
"Jake2r, Ph.D.",2.1M,2.8M,739.6K,5.2K
Joey Swoll,2.4M,5.3M,804.5K,8.4K
Kris HC,43.3M,5.4M,988K,5.5K
JD Pantoja,26.8M,4.8M,942.2K,8.7K
🔥Đạt Villa🔥,5.2M,5.7M,659.1K,8.1K
Hailey Bieber,7.7M,5.7M,810.5K,6.3K
Big Johns,140.3K,3.1M,476.5K,18.4K
Chloe Cherry,1.7M,4.8M,980.2K,5.7K
𝕊𝕥𝕣𝕒𝕪 𝕜𝕚𝕕𝕤,219K,2.6M,770.2K,11.7K
Aitch,1.8M,5.3M,421.1K,7.6K
Dr.Graves,2.7M,5M,879.7K,2.8K
Franek Bielak,11.8M,6.3M,781.9K,6.5K
Tay,3.3M,3.3M,689.4K,4K
Cedrik Lorenzen,2.1M,4M,457K,7.9K
Vanessa Lopes,21.3M,5.9M,637.1K,6.4K
RUSTAM MAYER,4.3M,7.8M,390.8K,1.6K
Chingu Amiga,17.3M,6.5M,1M,3.9K
💡 Jini 💡,713.7K,3.7M,467.6K,6.9K
Esen,3.1M,3.3M,536.3K,3.3K
Drew Nori,4.7M,8.1M,387.9K,9.7K
Wue Silva,11.8M,4.5M,584K,10.6K
Thallysson Borges,8.5M,3.6M,629K,6K
Nate,306.4K,3.4M,724.9K,3.6K
Sosonebieridze,109.8K,3M,420K,10.8K
Newboyjosh,340.5K,4M,445K,6.4K
tiara andini,4.1M,7.4M,651.6K,4.4K
Kevin Gates,2.1M,3.5M,413.6K,9.4K
Max Taylor,2.8M,3.5M,572.6K,5.2K
danya_milokhin,16.5M,6.3M,733.2K,4.6K
Samantha Logan,1.8M,6M,840.9K,3K
Jake Krantz,2.1M,3.6M,772.3K,3.2K
Fuji,12.7M,6.2M,760.4K,3.4K
VincentMarcus,2.5M,10.7M,250.4K,2.3K
HongThanhOfficial,1.3M,7.7M,675.6K,2.7K
Kervo.dolo,7.5M,3.9M,606.4K,4.4K
Zach Justice,3.9M,6M,793.7K,1K
𓆩𝑄𝐴𝑀𝐴𝑅¹⁶𓆪,2.8M,3.6M,348K,10.2K
Fortnitekanal.exe,1.4M,2.2M,539.4K,14K
وردى,67.6K,1.9M,465.5K,3.8K
ЯN,3.7M,3.9M,645.1K,4.1K
NileRed,8.7M,4M,725.8K,5.4K
besttoks,2.2M,17.4M,451.6K,1.1K
Miketoks,11.6M,6.2M,599.7K,2.5K
TikTok MENA,5.7M,39.5M,179.2K,1.2K
Eya,10.8M,4.6M,725.3K,5K
John Leitão,2.7M,4.3M,380.9K,7.8K
Bruno Diferente,4M,6.6M,116.7K,6K
Tabby and Chloe,320.3K,3.2M,523.8K,2.6K
PINAT🍅|| IG: @hesfinatia,8.3M,8.6M,936.9K,1.8K
vadik_dikiy,914.8K,3.2M,489.1K,2K
Champions League,11.6M,3.6M,628.3K,4.2K
Esnyr Ranollo,4.4M,3.5M,645.3K,4.5K
Savanah Moss,9.3M,4.5M,703K,4.1K
Dinda Hauw,3M,7.9M,689.2K,2K
Joshua Alden,3.2M,2.9M,555.5K,3.7K
Jeipy,7.8M,4.3M,760.7K,3.3K
Morgan Presley,5.3M,4.8M,638.5K,3.1K
Skai Jackson 🥰,19.7M,5.2M,824K,3.1K
Razi Monroe,6.8M,6.4M,586.3K,2.8K
Vinnie,13.9M,2.9M,593.7K,7.8K
Trần Tre Vlogs 🐉,759.3K,9.1M,472.9K,3.7K
ᴊ⚡️,733.4K,1.7M,369.4K,28K
KUBenjoy,3.5M,4.2M,476.3K,5K
João Dias,7M,3.5M,817K,4.5K
Everett Noble,9.8M,3.4M,844.5K,3.2K
Victor Melo,19.4M,4.6M,642.2K,3.8K
Эмильен,4M,5.3M,663.1K,4K
Eh Lija,3.3M,4M,506K,4.7K
thariqhalilintar,3.8M,5.8M,662K,2.4K
Afg Suga Official,161.7K,3.3M,490.3K,4.1K
jenny,187.6K,2.9M,371.6K,5.7K
Tubby Nugget,3.5M,2.6M,518.2K,2.1K
Rescue & Restore,1.5M,9.2M,430K,1.5K
Edda,1.5M,2.5M,580.2K,8.5K
It'sStefano,4.4M,4.6M,553.8K,5.8K
Гурьянов Максим,2.6M,3.3M,479.5K,3.1K
benji,5.5M,3.4M,549.6K,3.8K
Mikaela Testa,1.7M,4.3M,960.3K,3.3K
GrillerVM,2.9M,4.3M,549.3K,2.9K
Ria Ricis,25.5M,5.5M,665.1K,2.2K
Liza Koshy,29.4M,5.2M,1.2M,1.9K
ElMariana,6.5M,3.8M,834.8K,1.6K
JEON SOMI,6.1M,3M,746.3K,4.6K
Craggy Games,306.8K,7M,189.3K,726
gritside,3.6M,3.5M,446.4K,1.5K
Charlie Puth,16.1M,3.5M,509.1K,5.8K
Xspencer,12.3M,4M,663.2K,4.1K
Mikaylah,4.2M,3M,386.4K,9.9K
kevinprieto077,1.8M,3.8M,589.3K,3.4K
Christian Fabián D.,12M,4.8M,733.2K,3.7K
Heyimparis,12.7M,5M,609.5K,3.6K
Юлька Шпулька🕷🕸,16.3M,3.9M,522.2K,4K
Phùn Anh,2.7M,6.8M,374.2K,3.8K
Tooturnttony,15.6M,5.4M,464.6K,2.8K
Baim Wong,7.5M,5.1M,392.4K,3.7K
Max Taylor,7.6M,3M,529K,4.4K
✨Kimberly11sofia✨,576.6K,1.9M,208K,27K
LOURD,8.7M,2.4M,592.1K,5.3K
KATIAVLOGS🐒,13.8M,4.6M,638.2K,3.5K
lennnie,1.9M,1.9M,319.2K,2.4K
Jack CouRage Dunlop,3.1M,3.4M,391.5K,2.9K
Karim Mahmoud Abdel Aziz,3.4M,5.3M,375.6K,2.5K
Jean-Baptiste Djebbari,1.1M,2.9M,448.6K,6.2K
It’s a sad story...,4.2M,4.1M,544.2K,5.6K
СУПЕРПЕРВЫЙГЕРОЙ,1.6M,2.8M,526.1K,4.4K
Lynja,9.9M,5.2M,649K,2.5K
Gordon Ramsay,31.7M,5.7M,557.2K,3.2K
nabela,7.2M,5.4M,627.1K,2.6K
Alex warren,15.2M,4.6M,769K,1.3K
Sebastien,7.2M,3.1M,565.3K,2.8K
Jamie Big Sorrel Hor,7.1M,5.8M,313.6K,4.7K
Max The Meat Guy,3.8M,6.2M,681.9K,1.7K
Andy & Michelle,3.7M,3.1M,438.1K,2.8K
RealMsP,349.1K,4.9M,771.9K,2K
Game of Thrones,647.3K,3M,359.5K,1.9K
ameliadimz,1.3M,3.7M,529.8K,4.1K
Chris Olsen,7.2M,6.1M,712.1K,1.6K
Isaac H.P,1.6M,2.4M,230K,11K
nai,8.4M,3.1M,797.1K,3.2K
Sam Way,8.7M,3.6M,618.5K,2.8K
Suco Ismael,3.7M,3.4M,430.5K,6.6K
nadia,287.9K,2.2M,583.8K,4.4K
ThatLittlePuff,25M,5.1M,612.9K,1.4K
LA CHAMA ᴰ,8.3M,2.9M,477K,7.3K
envy,198.7K,1.8M,476.1K,9.2K
killazz,128.2K,1.8M,451.4K,9.1K
noreportar08,265.3K,4M,104.9K,11.1K
ROD🥴,40.1M,3.3M,521K,4.8K
killazz,128.2K,1.8M,451.4K,9.1K
noreportar08,265.3K,4M,104.9K,11.1K
ROD🥴,40.1M,3.3M,521K,4.8K
きゃりーぱみゅぱみゅの裏垢,834.9K,6.5M,345.5K,1.3K
Rodrigo EL GATO,3.2M,3.3M,454K,4K
CarolFerMichh,6.2M,4.3M,664.8K,2.4K
Montpantoja,32.3M,3.5M,652.5K,3.2K
Joe Mele,21M,4.3M,608.4K,2.2K
goku,74.8K,1.9M,345.6K,2.5K
anthonnyswagg,8.5M,8.1M,469.6K,1.7K
j🐞j🦋fan,61.6K,2M,354.5K,6.2K
Berk Keklik,1M,5.2M,394.7K,2.1K
Nils Kuesel,9.5M,2.6M,515.4K,5.2K
@mcsilsiloficial,5.8M,2.6M,201.7K,4.7K
Labrinth,924.9K,4.2M,416.9K,3.4K
🔌,197.3K,5.5M,373.5K,3.1K
Jacksepticeye,4.2M,2.9M,512.7K,4.3K
marisol viola,1.1M,2.6M,504.8K,4.1K
strangehumman NOVA,7.8M,3.2M,386.3K,4.5K
🕷,259.4K,3.3M,291.2K,5.5K
Jessi,5M,3.1M,738.5K,3.2K
Kevin Nguyen,1.6M,3.2M,633.1K,2.1K
Nykolas Teles,3.8M,2.7M,368.8K,5.8K
MoriMura🍕,6.4M,2.2M,483K,4.4K
daniela kim,8.4M,3.4M,492.7K,4.1K
tenderlybae,14.4M,3.6M,409.5K,4.6K
🕌🏃,880.7K,3.2M,129.4K,1.2K
CrisDevilGamer,4.5M,3.5M,388.1K,5.2K
meishmoe,3.9M,2.5M,534.5K,2.4K
Maylathanzin,1.9M,3.5M,417.6K,1.2K
👽,1.2M,2.7M,342.4K,4.2K
Jen Garner,2.1M,3.4M,315K,5.6K
SEVENTEEN,3.9M,1.5M,375.9K,11.1K
Mèo Simmy,3.9M,2.7M,367.1K,7.1K
Maria Becerra,6.1M,3.2M,553.9K,3.6K
FROSTECH,321K,3.4M,411K,1.5K
مشاري بن عبدالعزيز  -,1.7M,4.9M,233.7K,6K
JoelBergs,11.2M,3.4M,636.3K,1.7K
EURO2024,6.8M,2.5M,407.3K,2.9K
daz_black,7M,2.3M,506.4K,4.3K
Maria Clara Garcia,16M,2.8M,401.5K,5.2K
desartdestro,7.8M,5.4M,368.3K,2K
Camila Cabello,15.3M,5.2M,321.8K,2.8K
Berk Coşkun,3.5M,5.6M,194.2K,2.9K
Ser Geybin,1.7M,3.8M,383.5K,2.2K
Anthony Po,688.3K,1.7M,414.2K,4.7K
erika,7.9M,4.6M,578.7K,2.5K
The Graham Norton Show,1.2M,4.9M,491K,807
مصطفى البصراوي 62,2.1M,3.9M,234.7K,3.1K
MANGIAMOH,1.5M,4.8M,376.2K,1.2K
KeniaOs,13.7M,2.2M,371.2K,7.5K
Oneya D’Amelio,25.8M,2.8M,406.2K,6.2K
sara,7M,3.6M,700.7K,2K
Ana Maria,10.5M,4.4M,665.5K,2.1K
Melody 🌱,798.6K,1.9M,359.7K,2.7K
Julian Jacob,1.2M,3.8M,496.5K,2.4K
Avery,1M,5.4M,724.1K,1.6K
𝐓𝐮𝐲𝐞̂̀𝐧 𝐗𝐮 𝐓𝐕 💦,1.8M,1.6M,228.8K,18.5K
Emily Mohring,492.6K,5.8M,267.9K,1.7K
Fabru,17M,5.3M,544.8K,1.9K
Angelo Bahu,1.2M,2.4M,224.3K,12.2K
Virginia,30.6M,4.4M,566.4K,2.3K
ハリツ🌿極,1.3M,4.1M,158.1K,4.9K
The Kapelari Family,1.1M,2.8M,464.2K,3.5K
Eduardo Camavinga,1M,3.3M,522.3K,2.5K
feezius,2.1M,4M,525.8K,2.8K
LIGHTS ARE OFF,18.7M,2.9M,292.7K,6.3K
benjamin,174.4K,7M,39.2K,24K
Cale Brown,5M,2.7M,459.5K,1.5K
Jrm,1.6M,4.1M,411.5K,2.5K
انس الشايب,3.6M,4.6M,194K,6.1K
Ｓｔａｙ　ｈｙｄｒａｔｅｄ　緯俺な,15.2M,3.5M,691.5K,2.5K
arvanss,201.4K,1.3M,320.3K,1.2K
Megan Thee Stallion,10.9M,1.9M,499.7K,4.4K
Ruben Tuesta,12.3M,4.5M,418.3K,1.1K
KingBach,26.3M,3.1M,582.2K,1.8K
Mark Phillips,2.8M,1.8M,336K,2.3K
Anna Paul,3M,2.8M,655.6K,2.9K
Drew Afualo,6.8M,2.2M,446.5K,5.1K
scottkress,2.9M,1.5M,402.7K,7.4K
dixie,57.2M,4.4M,275.2K,4.6K
Niana Guerrero,30.5M,3.2M,493K,2.7K
ben de almeida,10.6M,3.5M,512.8K,3.1K
Maia Knight,8.1M,3.5M,628.8K,2.5K
Theo Von,1.4M,2.4M,230.6K,2.7K
AbbieHerbert,12.2M,4.6M,619.2K,1.6K
YaziDoe,958.9K,2M,297.4K,2.8K
Laura,1.4M,2.5M,232K,1.2K
georgie munoz,2.2M,1.8M,294.3K,3K
Why Not ? ✧,941.9K,4.8M,486.4K,1.5K
Нина Газданова,3.4M,3.7M,184K,932
Piperrockelle,9M,2.4M,275.4K,9.3K
Roce Ordoñez,5M,3.1M,499.5K,1.9K
Wayeelka boy10,852.4K,3.7M,169.6K,5.6K
João Ferdnan,7.4M,2M,238.5K,4.2K
Просто Путин,6M,3.1M,157.9K,10.6K
чапаева,1.9M,3.8M,347.7K,2.9K
lyna_com2000,4.4M,3.4M,451.3K,3K
AriGameplays,19.3M,2.6M,444.6K,4.5K
Tommy,11.5M,1.5M,432.1K,7.6K
AriGameplays,19.3M,2.6M,444.6K,4.5K
Tommy,11.5M,1.5M,432.1K,7.6K
Alexis Omman,9.2M,1.6M,330K,5.1K
samadhiza,7.4M,3.7M,418.3K,2.1K
Joe rauth,4.9M,2.9M,463K,1.6K
Daniela Rodrice,9.9M,4.2M,735.7K,1.5K
Kep1er,3.5M,1.8M,395K,5.5K
Açucena Guirra,9.7M,2.6M,468.1K,3K
veydi_rush,8M,2.9M,456.8K,2.6K
최시원 • Siwon Choi,1.9M,1.3M,314.3K,8.6K
Olivia Dunne,5.1M,2.7M,316K,4.9K
catheez,1.3M,2.3M,306.4K,5.9K
Bonjee,1.8M,1.8M,382.9K,2.5K
Tucker Reynolds,2M,1.6M,225.2K,2.9K
Jennifer Aplícano,1M,2.5M,248.5K,3.7K
Qonitcah | Health Education,1.4M,3.1M,277.5K,4.4K
Carol Castro,9.7M,3.4M,564.2K,2.4K
vorostwins,2.6M,2.7M,344.1K,3.8K
Tiago_Dionisio,5.5M,2.4M,227K,1.1K
Magic Daniell,9M,4.5M,503.4K,2K
3TL,1.6M,4.4M,380.9K,2.7K
Nessa Barrett,17.9M,2.8M,338.2K,3.8K
Samantha Ancheta,4.1M,1.8M,396.9K,4K
Nate dawg,230.2K,2.4M,434.5K,3.3K
𝗟𝗮𝗿𝗶𝘀𝘀𝗮 𝗚𝗹𝗼𝗼𝗿,2.6M,2.9M,489.4K,2.4K
ғᴇᴇʟɪɴɢ,256.6K,2.4M,186K,0
Chloe Cherry,1.7M,3.6M,617.4K,1.7K
TootyMcNooty,7.3M,1.5M,401.1K,2.2K
Mia K.,32.5M,3.7M,340.3K,3.5K
Modeli,1.9M,1.8M,404.3K,2.7K
Axel,4.2M,2.4M,544.7K,3.4K
shalynne,324.6K,3M,650.3K,1.4K
Momona Tamada,3.7M,2.7M,489.4K,3.3K
nikkietutorials,5.1M,4.3M,536.6K,1.2K
Spicy Cam,18.2M,3.5M,428.1K,3K
sara💜,3.4M,3.3M,265.9K,4.6K
Nia Romero,10.4M,4M,531.1K,2K
Ghét môn Toán =))),87.7K,2.6M,367.5K,3.3K
oblomoffrecipe,5.3M,3M,271.8K,1.2K
yg_treasure_official,3.5M,1.7M,355.3K,4.1K
LUQ_MUSIC,165.7K,2M,237K,5.9K
Just brad,2M,2.5M,216.7K,3.6K
🛄,23.5K,1.2M,219.4K,2.8K
kurtis conner,1.8M,2.2M,465.8K,3.1K
maskrayy1,4.5M,7M,280.9K,1.2K
Bella Hadid,4.4M,3M,504.5K,2.6K
Trainee A,2.7M,1.3M,384K,5.3K
Texas BUSHMAN,1.2M,2.4M,242.6K,1.5K
⚖️ The TikTok Attorney ⚖️,5.3M,2.8M,281K,5.6K
Fede Vigevani,12.6M,2.7M,370.4K,4K
Namfon,656.5K,2.2M,374K,3K
☻☆EndoMarfa☆☻,517.2K,1.7M,516.5K,3.4K
Dasi Gantung,5.1M,3.5M,497.8K,1.5K
Lucas Torres,831.4K,1.5M,328.5K,4.5K
Bungalow Jonathan,251.2K,1.5M,116.6K,994
.aidenbeaudry_official,483.3K,2M,344.8K,3.1K
Chris Bumstead,2M,2M,389.1K,2.6K
rebecca zamolo,16.8M,2.3M,233.9K,7.9K
FA🧛,179.1K,1.8M,292.9K,2.1K
cellat36,8.2M,2.4M,212.3K,6.4K
clexxd,8.9M,2.4M,227.3K,8.1K
Deege,905.9K,2.3M,366.9K,1.9K
Brent Rivera,42.8M,2.6M,492.8K,3K
Herr Anwalt,5.3M,2.2M,302.7K,3.8K
Europa League,2.1M,2.8M,346.8K,2K
Dani Valle,3.9M,1.6M,130.5K,1.1K
nourmar5,14.3M,1.3M,145.9K,13K
دودا🦹🏻🤍,5.8M,3.4M,281.2K,2.3K
원정맨 WonJeong,41.1M,2.8M,399.4K,3.2K
Thoraya Maronesy,1.5M,2.7M,468.3K,2.1K
caocuongvu,3.4M,2.9M,346K,3.1K
✨Ren PC✨,3.2M,1.7M,318K,2.4K
jules,18.6M,2.9M,657.5K,1.8K
Александр,4.3M,1.3M,253.6K,10.8K
laura & lena,2.5M,2.2M,400.8K,1.5K
EL CORVII 🍭,10.5M,2.5M,427.7K,3.8K
Gabriela Moura,7.7M,2.6M,381.3K,1.9K
HIM,706.3K,2.8M,582.7K,1.6K
ترفولتا,1.8M,4.4M,304.7K,2K
Football  ⚽️ футбол,658.1K,2M,243.1K,3.7K
Cintia Cossio,4.1M,5.7M,480K,702
Goodlin Siblings,1.7M,2.5M,443.5K,1.6K
Carol Villanes,4.1M,1.8M,312.3K,7K
Jenoah Santiago,1.4M,2.4M,488.5K,1.5K
Đỗ Đạt,6.5M,4.6M,368.8K,1.7K
gronk,2.4M,2.4M,332K,1.7K
NICO【平成フラミンゴ】,1.3M,2.7M,288.9K,3.2K
pablitocastilloo,4.5M,1.8M,225.6K,1.4K
Jonathan Peter,12.7M,3.2M,379K,999
Cats is life,876.4K,2.3M,311.5K,1.6K
PIM PIRIYA,1.3M,2.9M,567.9K,1.2K
Fernanda,4.3M,3.3M,456.5K,1.4K
ХОМЯК,39M,2.8M,385.8K,3K
mndiaye_97,14.2M,2.2M,411.9K,2.3K
Lina Tejeiro,4M,4M,295.9K,992
math!eu,6.9K,1.3M,309.2K,6.5K
Dove Cameron,9M,1.8M,380.5K,4.5K
SJ,12.3M,3.6M,420.3K,1.7K
Ginés correguela,776.4K,2.8M,140.5K,2.6K
MR ZEO 🇩🇴,16.1M,2M,251.1K,2K
Vester Ajero,1.2M,1.1M,265.7K,10.9K
テオくん@幸せ者,1.2M,2.8M,317.6K,1.8K
𝙆𝙪𝙧𝙣𝙞𝙖 van 𝙂𝙪𝙨𝙢𝙖𝙣,900K,6.4M,250.8K,825
"Паул, либо просто Паша",7.2M,2.2M,426K,3K
🤍 ДРЭЙЗОН • РОБЛОКС 🤍,1.3M,1.9M,234K,7.4K
Mattia Stanga,2.3M,1.6M,242.4K,1.3K
hannahbahng,1.9M,1.5M,471.3K,4.1K
HaositOfficial,1.2M,1.7M,344.6K,5.6K
✨KLIS✨,860.3K,2.8M,368.5K,1.4K
✧☽ 𝒹 𝓇 𝑒 𝒶 𝓂 𝒾 𝓃 𝑔 ☾✧,1.1M,1.7M,269.9K,1.4K
Yurielkys Ojeda,12.2M,4M,481K,1.3K
🥇 السلسيلي 🥇,4.3M,4.6M,177.2K,612
Mayan El Sayed,3.5M,4.4M,263.5K,1.2K
Василий,2.5M,1.7M,124K,1K
Vidhi_R,4.4M,2.7M,290.6K,3.2K
【コムドット】やまと,1.7M,2M,271K,4.9K
kayla,6.6M,2.2M,363.1K,4.4K
Martín,2.7M,2.4M,180.5K,796
Albert Niazhvinski,4M,4.2M,403.4K,1.4K
JuanSGuarnizo,8.6M,2M,452.2K,1.6K
Ceren Yaldız,9.2M,2.2M,164.5K,8.5K
danny,80.1K,1.9M,177.1K,7.8K
CindyLauw,148.6K,2.2M,323.9K,4.5K
Gehad hassan👸🏻,7.3M,1.4M,177K,3.5K
dudamaryah,4.1M,3M,340.7K,2K
Revival,392.8K,2.2M,283.8K,1.2K
GavinMagnus,5.2M,2M,254.9K,6.4K
user569215425698,2.1K,1.9M,254.5K,2.3K
🧡Маша и Роберт🧡,5.3M,3.7M,375.3K,2.1K
Hiago Marques,1.2M,2.6M,365.4K,2K
Andrea,5.9M,3M,542.1K,1.2K
Luis Velody,6.2M,3.3M,459.9K,910
にっしー,3.9M,4M,409.6K,1.2K
joe_gatto,6.5M,2.9M,247.7K,1.4K
Frankie LaPenna,1.8M,4.9M,411.7K,735
Diana TC,2.9M,3.2M,348.7K,1.9K
M2DK/マツダ家の日常,4.7M,8.1M,199.8K,1.2K
Аnokhina Liza,35.6M,2.8M,374K,2.8K
Anto Garcia,8.2M,6.5M,274.7K,1.3K
iHeartMemphis🔥,12.5M,4.3M,260.2K,2.3K
Edelson Ribeiro,4.1M,2.2M,188.3K,1.7K
Pam,4.1M,3.5M,487.4K,1.6K
𝐊𝐢𝐦 𝐀𝐑𝐝,1.3M,1.1M,350.4K,2K
cemre solmaz,10.2M,2.2M,180.9K,7.2K
Philip DeFranco,1.9M,2.5M,319.2K,2.8K
otakoyakisoba,14.1M,2.8M,278.8K,1.8K
Ritzyralph,1.4M,1.5M,375.4K,3.3K
jhothsa,12.3M,1.7M,224.7K,1.7K
icebox,6.2M,3M,277.2K,3.3K
Татьяна,31K,1.7M,12.4K,207
NMIXX,1.1M,1.6M,318.5K,4.2K
بمبش السيد♦️bimbsh♦️,3.8M,1.8M,289.5K,3.8K
Jack Joseph,2.4M,1.4M,246.3K,3.5K
Patrick,2.2M,3.3M,370.4K,2.2K
Benji Krol,30.3M,2.4M,338.9K,3.4K
DjMaRiiO,983.8K,2.2M,329.2K,1.3K
Reeh Augusto,3.7M,2.1M,371.8K,2.5K
Bella Avila,17.6M,2.3M,344.7K,2.6K
Sabrina Carpenter,12M,2.2M,298.8K,2.8K
Bárbara Coura,8M,2.4M,384.3K,2.2K
Ahmad Rizki,192.8K,3.7M,304.5K,1.5K
Rayssa Buq,5.4M,1.8M,326.8K,2.6K
LISBOA,612K,3M,505K,944
Mirta Miler,14.5M,2.7M,448.6K,2.2K
Very Cool,1.4M,3.1M,234.5K,1.3K
Just Hamilton,2.3M,1.7M,271.6K,2.9K
Michou,6.7M,3.6M,256.4K,2.8K
Gregisms’ Neighborhood,2.2M,975.5K,168K,6.7K
Lucie,176.4K,2.2M,201.5K,514
GB and ME,5.7M,1.6M,250.1K,4.8K
frans faisal,272.9K,2.5M,278.8K,3.3K
Jelly Roll,2.4M,2.3M,290.8K,2.6K
Lossiblings🍭,23.6M,2.8M,396.9K,1.8K
deivis,13.3M,3.2M,439.4K,1.8K
Zodiac Boyfriend🪐🔮,1.6M,1.6M,219.7K,3.6K
Michelle Renaud,2.3M,4.2M,357.8K,1.1K
Kelvin__silvaaa,3.4M,2M,163.6K,1.1K
user4350486101671,16.2M,1.6M,302.3K,4.7K
JeisonGiraldo,24.6M,3.4M,426.5K,1.7K
ChrisDElia,1.7M,1.8M,268.5K,643
LightSkinKeisha,1.9M,2M,303.2K,1.2K
Tik Toker,15.9M,1.8M,351.3K,3.4K
LERMITA,11.6M,2.7M,354.3K,1.2K
Duolingo,3.4M,1.5M,281.1K,4.5K
Daniele Cabras,2.7M,1.4M,214.2K,1.7K
Dari_wadha_home,1.4M,2.9M,182.1K,2.4K
Pk,16.5M,2.2M,383.9K,1.6K
𝙇𝙤𝙨𝙚𝙧.,159.4K,1.1M,165.5K,6.6K
Oliver Tree,12.5M,3M,324.1K,1.8K
:),354.5K,815.5K,214K,5.4K
Jess No Limit,5.3M,2.7M,264.7K,3.1K
Sooshi Mango,483.4K,1.1M,100.7K,3.5K
spider_slack,31.6M,2.6M,314.3K,1.7K
Real Madrid C.F.,11.7M,2.1M,300.5K,3K
Leana Deeb,4.2M,2.6M,426.9K,1K
Jonathan Becerra,1.2M,2.3M,173.4K,1.5K
Officialturk,26.1K,1.1M,237K,7.5K
Isabelle Bueno,2.8M,1.9M,410.4K,2.5K
Emillee,1.4M,2.3M,480.6K,749
Monabouchon,139.1K,1.5M,127.6K,468
Monabouchon,139.1K,1.5M,127.6K,468
Rey,3.3M,2.3M,273.3K,1.9K
noah beck,32.8M,2.9M,342.7K,2.3K
limaunipisofficial,602.6K,1.5M,107.7K,1.3K
TheRealHammyTV,13.3M,3.7M,156.5K,884
Matheus e Vitoria,6.9M,2M,317.9K,2.2K
𝗶𝗡𝗦𝗢𝗠,3.6M,1.7M,163.5K,1.1K
Oli Natu,7.9M,2.9M,408.3K,1.2K
Seb Laz,4.1M,1.8M,238.6K,5.5K
𝑀𝑖𝑠𝑡𝑒𝑟 𝑅𝑒𝑒𝑚𝑎 😾✨.,3.5M,1.8M,299.8K,3.8K
Anwar Jibawi,11.7M,2.5M,275.9K,1.3K
Blake Snider,4.6K,2.8M,150.7K,967
Alejandro,983.5K,1.5M,279.1K,2.5K
Anitta,17.2M,3.8M,263.4K,1.6K
Танги штоле,20.9K,1.3M,259.4K,2.1K
newt,9.4M,2.3M,378.5K,1.4K
Brooke Monk,19M,2.7M,339.6K,2K
psg,25.3M,2.7M,319.2K,2.2K
Roy.official,290.8K,1.2M,108.4K,432
Nicolle Figueroa,9.6M,2.5M,343K,2.5K
☝️Биполярочка👆,1.5M,1.8M,179.8K,6.2K
startup.mp4,98K,944.3K,246.6K,4.7K
Rebeca Barreto,21.9M,2.3M,297.7K,3K
Глеб Пьяных,457.3K,3M,75K,3.1K
emily&ella,3.3M,2.5M,377.9K,1.3K
Mikayla Nogueira,11.2M,2.2M,323.8K,3K
ivanovik.1983,172.7K,2.3M,91.5K,1.1K
Francis Bourgeois,2.3M,2M,193K,1.6K
Kaan,2.6M,2M,358.4K,2.8K
ramonvitor,2.2M,1.8M,397.9K,2.5K
REDD,883.1K,3.2M,190.8K,1.2K
scarlett,1.1M,2.2M,204.7K,4.5K
Sisca Kohl,10.4M,2.6M,306.5K,2.2K
Andrew Curtis,2.4M,1.3M,274K,4.8K
_xndi rizlky_,11.5K,3.7M,166.5K,2.2K
Nelson and Rose,155K,1.6M,109.6K,1.3K
Serchex,123.1K,1.4M,265K,2.9K
Hoà Minzy,4M,3.2M,345K,1.8K
Callum,117.5K,1.8M,237.2K,4.9K
Arbooks,392.1K,2.1M,223.8K,2.6K
Eduin Caz,5.2M,2.8M,278.7K,1.2K
Giovanna Grigio,2M,3.6M,325K,1.7K
Kien Review,9.8M,4.5M,254.1K,1.3K
kallmewhateveryouwant,10.9M,1.8M,342.3K,3.2K
kopke613,3.6M,1.1M,141.8K,2.2K
colegonzales,4.9M,2.1M,297.2K,696
Stanislav Anisimov,135.8K,3.3M,172.6K,899
Yordy_Yor,1.2M,3.8M,146.2K,3.7K
blake,2.1M,1.7M,265.6K,2.8K
Jasmine Chiswell,15.2M,3.4M,404.4K,1.5K
FJerry,3M,1.4M,109.5K,3K
Mahsun Karaca,930.1K,2.7M,157K,564
Cameron Perez,1.6M,1.5M,350.2K,2.2K
Q Park,30.2M,3.2M,216K,1.6K
Anderson Carli,6M,4.4M,234K,1.8K
lucasmitzakoff,1.9M,1.3M,270.3K,2.4K
JoJo Siwa,40.7M,3M,370.2K,1.7K
Good Boy Ollie,2.8M,2.1M,344.3K,1.1K
ALaa Ayman,8.2M,3.7M,364.6K,820
🇬🇧🇬🇧🇬🇧,1.6M,2.3M,334.6K,591
Lea Elui,17M,2.8M,375.9K,1.1K
Innkastar,11.6M,2.6M,193.5K,4K
anilinom,11.8M,10.6M,136.8K,441
WilsonsHouse,140.3K,1.3M,299.3K,2.4K
Deddy Corbuzier,2.1M,3M,215.6K,2.8K
Dj Raulito,605.3K,3.3M,167K,715
Brandon Conner,7.3M,2.2M,281.7K,3.2K
Paula Verhoeven,997.5K,4.9M,232.7K,1.1K
Madison Pettis,2.6M,2.9M,493.5K,1K
arianagrande,26.6M,1.4M,333.9K,3.9K
vekalife,2.4M,1.5M,116.2K,459
Mattie,8.6M,1.9M,423.1K,2.2K
The Big Mike,71.5K,1.5M,176.8K,4.2K
❤️‍🔥Лёша Мэтс❤️‍🔥,6.7K,1.7M,210.2K,1.7K
Bilal Fadili,958.4K,1.8M,210.4K,2.3K
JAYDA WAYDA,3.2M,2.2M,333.4K,1.2K
vzelivx,731.3K,2.1M,271.2K,2.6K
Benoît Chevalier,8.7M,1.7M,180.9K,3.1K
NinoGashi,1.3M,1.8M,179.7K,3.2K
TWICE,13.9M,1.2M,223.8K,6.5K
BENIJU,2.2M,1.6M,304.8K,3.8K
Chourouk_model_official,4.4M,3.2M,270.5K,897
Shabiraalula&Ayah,5.1M,3.2M,256.4K,1.5K
ryskalamarcysia,1.8M,3.1M,360.9K,1.6K
Namy,6M,2M,366.2K,2.1K
Leandro Olszanski,1.6M,1.6M,328.5K,1.9K
Devin Caherly,6.9M,3.6M,406.6K,1.3K
Matheus Costa,4.3M,2.1M,235.3K,1.7K
VirguleAnimaleShow,850K,1.2M,190.8K,1.8K
Vũ Thị Khánh Huyền,7.7M,2.6M,321.4K,2K
Pesce,5.7M,1.7M,254.9K,2K
how.kev.eats,1.8M,2.5M,323K,1.8K
Зубарев Александр,2.9M,2M,300.1K,1.7K
Ryan Reynolds,19.7M,2.3M,282.8K,1.6K
Clé Colucci,2.9M,935.1K,165K,9.4K
MR.VIBEZ,853K,1.4M,364.2K,1.9K
Luis Chaparro,2.8M,2.1M,360.3K,2.5K
Lily Garcia,8.9M,1.8M,418.2K,1.9K
Juanpa Zurita,12.8M,3.3M,397.7K,804
Daniel Ibarra,26.6M,3.3M,353.7K,1.4K
Daniel Ibarra,26.6M,3.3M,353.7K,1.4K
Maddie,52.9K,1.7M,99.6K,3.6K
Abir e sag,11M,2.5M,176.9K,2.9K
Lexy,3M,2M,308.2K,2.7K
Michelle González,538.3K,3.1M,220.6K,730
More Anna,1.5M,2.7M,447.8K,1.3K
Ktlyn,1.9M,2.1M,226.7K,2K
Yano4kaa.aa,3M,1.7M,267.1K,2.2K
Молодой Гений,721.6K,1.9M,279.7K,1.7K
Lele Pons,26.8M,2.2M,307.4K,1.9K
ناصر || 🇸🇦 alsubaie ..,1.9M,3.3M,158K,3.2K
Joshua weissman,6.2M,2.5M,352.9K,664
Kika Kim,29.5M,2.2M,296K,2.2K
Emily Mariko,10.1M,3M,321.7K,1.3K
Milos,4.8M,1.9M,425.5K,1.7K
H&SH Brotatoes,390.1K,2.2M,342.6K,1.4K
💗 DIANA ASTER 💗,10.4M,2.7M,337.4K,1.8K
GABI BEE,9.3M,1.2M,248K,5.5K
igorjansen,10.6M,2.2M,275.7K,2.4K
iFluent,2.8M,1.6M,174.5K,4K
Mateus Hwang,1.9M,2.1M,139.6K,5.7K
888,1M,2M,318.8K,1.5K
Giuseppe Mandrake Ninno,883.8K,1.4M,180.4K,982
ну лиз,1.9M,1.9M,370.7K,1.3K
Chad Epps 🦒,6.9M,1.5M,240.4K,3.6K
รัชโยตัวปลอมนอกนั้นจริงหมด,1.6M,4.1M,349.7K,951
아이키 Aiki,1.8M,1.7M,363.2K,2K
Nick Smithyman 🤓,6.4M,1.5M,265K,3.1K
🍓Alexia Tamira🍓,7.5M,2.3M,312K,2.2K
sexy lady,1.6M,1.6M,303.1K,1.7K
Taav,686.9K,1.3M,217.2K,2.7K
esnyrdump,603.8K,1.8M,271.6K,2.2K
Anderson Profeta,2.5M,1.2M,151.7K,2.2K
Jayway,652.6K,1.5M,254.9K,2.4K
Cassie Holland,1.5M,2M,381.9K,1.5K
АНЯ ПОКРОВ🥑,16.3M,2.2M,287.6K,2.1K
Rhyad ☝️,344K,1M,222.2K,2.4K
bretmanrock,14M,2.6M,361.8K,1.5K
mariê,855.7K,1.4M,349.9K,2.1K
Monika Kociołek,2.6M,1.2M,196.8K,6.6K
San AE,1.7M,2.7M,224.1K,1.2K
Iben M.A.,5.6M,2.5M,191.8K,3.5K
festi,1.2M,1.2M,264.1K,3.6K
Anthony Vargas,6.5M,1.9M,341.4K,2.6K
♥️БИСКАС♥️,7M,1.6M,126.5K,8.9K
Simply Ni🌱,1.6M,2.6M,248.8K,1.4K
QCP,9.4M,2.5M,371.3K,1.1K
hassan,369.4K,1.3M,237.8K,3.1K
Lizzebethmuaa,3.6M,3.6M,357.1K,721
Crispy Concords,1.2M,2.9M,400K,986
Andrea Brillantes,17.3M,2.3M,382.5K,1.2K
Kmilooo,796.9K,1.2M,228.2K,1.3K
Ilham Yuda,1.6M,2.8M,326.3K,1.2K
Anya Ischuk,10.5M,2.7M,317.2K,1.8K
Diego Cruz,7.2M,2.1M,258.5K,1.8K
WinnerMax,1.8M,2.5M,220.2K,968
Rafael Santos,16.7M,1.8M,289.7K,2.7K
LK,14.3M,2.4M,346.9K,1.2K
Manuel Mercuri,19M,2.7M,238.7K,1.6K
saxcy,747.2K,2.6M,271.5K,1.3K
Zachery Dereniowski,6.2M,2.5M,357.1K,1.4K
C. Tangana,372.1K,4.4M,200.3K,735
Nuhchez,5.7M,1.7M,248.5K,2K
Unaa🍜,13M,2.4M,264.7K,2K
Ayu Ting Ting,5.8M,2.4M,176.4K,2.1K
Yailin La Más Viral,2.8M,2.5M,210K,3K
SehatAQUA,249.3K,23.3M,67.4K,647
Jordan e Mel,8.7M,2.4M,183.6K,1K
GingerBilly1,5.7M,1.1M,163.7K,954
INSTASAMKA,12.4M,1.8M,227.9K,2.7K
Jax,8.3M,1.9M,220.1K,2.8K
Sthefane Matos,5.1M,3.2M,261.7K,1.4K
손새벽,2.7M,3.9M,216.8K,1.5K
flickerspark_,1.2M,1.7M,446.7K,1.2K
Sergi Cabrer,2.1M,2.1M,290.9K,1.7K
Mahalini Raharja,655.5K,2.7M,251.9K,1.6K
🚨 ESE PÉREZ 🚨,3.5M,1.7M,186.5K,898
Dasha Taran,8M,1.7M,283.4K,2.4K
Michel Chavez,28.6M,2.2M,340.4K,1.9K
Aileenchristineee,5.6M,1.7M,310K,1.1K
Madison,12.7M,3.1M,322.9K,954
تالا صفوان | Tala Safwan🌵👸🏽,3.7M,2.1M,138.2K,5.2K
𝐊𝐚𝐫𝐞𝐧 𝐎𝐬,6.1M,2M,367.2K,2K
fullhyp3,1.6M,1.4M,262.1K,2.7K
nansartt,1.3M,2.1M,422.7K,1.4K
Avira Nisha,3.6M,2.5M,310.6K,1.8K
meyes not mayes,432.5K,3.4M,215.9K,1.7K
Nuun 🍂,271.8K,651.6K,118.1K,1.5K
,8.2K,1.3M,159.3K,4.9K
Thông Soái Ca,1.6M,2.7M,172K,2.6K
Tik Toker,7.2M,1.3M,461.6K,1.9K
Jecus Andrei,3.8M,1.9M,235.9K,1.3K
Kim Lajara,5.8M,3.4M,298.5K,507
Birds Aren’t Real,852.8K,1.5M,263.5K,2.4K
M A R K O,2.5M,1.8M,168.7K,4.2K
natalie & the aguilars,4.2M,2.8M,373.6K,702
Ha Linh Official,1M,2.6M,187.3K,2.8K
Eigon Oliver,6M,2.5M,179.9K,1.8K
Saad,1.7M,3.4M,260.2K,1.2K
LELÊ BURNIER,1.4M,1.4M,326K,2.7K
The Land Of Boggs,5.2M,2.6M,367.7K,857
🐚Yuna_유나🤍,2.2M,1.6M,291K,1.4K
عباس ماجد,2M,2.1M,206.9K,2.2K
Muhammet Ali Sarı,264.1K,2.9M,128.4K,1.4K
Luciole,955K,1.7M,395.2K,2K
Dafaatmja,9.9M,2M,162.6K,4.1K
VL,13.3K,1.9M,272.2K,1.6K
julianofloss,6.7M,2.1M,306.7K,1.6K
Nicholas Crown,1.6M,2.9M,490.5K,863
Pedro Daher,3.1M,1.1M,206.6K,1.8K
Jimena,22.8M,1.7M,311.7K,1K
Mella Carli,1.7M,1.4M,220.5K,2.1K
Viktoriya Bars,139.7K,1.3M,56.6K,2.2K
missmarymmouser,2.9M,1.9M,255.5K,2.7K
Cole Anderson James,1.5M,1.6M,280.5K,1.2K
PumbaCaracal,3.5M,2.1M,130.9K,3.3K
The Green Car,168.8K,4.3M,339.8K,662
Russel Cameron,313.6K,1.6M,114.6K,5.5K
Hannah Stocking,25.9M,3M,338.4K,967
PHUKLA,1.2M,1.5M,288.2K,1.7K
Milan Bhayana,861.1K,3M,501.1K,678
JeremyLynch,18.6M,1.7M,248K,2.6K
Ph1LzA,2.2M,980.5K,309.2K,4K
แจ็ก แปปโฮ,6.3M,2.8M,344.1K,766
Cesar Pantoja,12.4M,2M,305.4K,2.2K
Yajana Cano,5M,1.5M,255.3K,767
Dilara Duman,1.9M,3.4M,175.8K,653
Justin Bieber,23.6M,1.7M,197.5K,3.2K
Luke Donkin,2.3M,1.5M,199K,2.9K
котик,1.7M,1.7M,307.5K,831
Monsieur Pof,2.8M,1.7M,340.6K,1.8K
DENII,3.3M,1M,136.4K,773
Laura Theux,208.3K,3.5M,234.7K,846
【コムドット】 ひゅうが,995.5K,1.2M,199.8K,4.9K
Roberto Morales,10.2M,1.9M,209.5K,1.1K
емоglaм,1.5M,2.7M,307.3K,1K
taryn,1.4M,1.9M,156.9K,3.8K
JOMBOSPICE,7.2M,2.5M,239.8K,1.9K
RUSUH BROOO,27.5K,840.6K,150.8K,1.5K
Shandyjuragan99,1.1M,3M,183.5K,1.9K
𝐂𝐡𝐢𝐤𝐚⁷,1M,738.7K,263.2K,2.7K
kamran,48.2K,1.2M,231.6K,2.6K
Najih Mumtaz945,682.3K,1.6M,93.9K,4.5K
Chelsea Hart,1.5M,3.5M,138.9K,0
Gheayoubi,7.9M,3.2M,171.1K,1.2K
anna x,11.6M,3M,461.2K,723
Отборный юмор и комедия 🎭,177.5K,1.4M,121.3K,1.2K
ラブマツ (LOVEMATSU),563.9K,2.9M,186.4K,1.8K
beINSPORTS,1.2M,1.7M,213.8K,2.2K
Marco Zedda,4.5M,1.6M,272.2K,2.4K
максончиq,5.8K,2M,152.7K,2.1K
maharanikemala,3.2M,2.5M,156.2K,1.8K
Analisseworld,9.9M,2.1M,328.9K,967
Jair Sanchez,6.2M,1.3M,226.9K,1.8K
MachikaYT,12M,1.9M,291.1K,2.2K
Michael Rendy W,4.6M,3.9M,293.6K,740
Lucas and Marcus,35.2M,1.8M,221.4K,3.3K
SwagBoyQ on IG,23.4M,3M,216.6K,1.4K
Xoomid,8.2K,1.1M,135.3K,4.2K
𝐍𝐠𝐮𝐲𝐞̂̃𝐧 𝐇𝐚̉𝐢,4.8M,2.5M,209.1K,1.4K
David Galván,3.9M,2.6M,244.2K,1.5K
CEO OF SEKOLAH,587.7K,2.2M,293.3K,1.7K
PRIMKUNG,2.1M,1.4M,259.9K,3.5K
Isabel,1.1M,3.5M,298.1K,1.2K
bailey,11.1M,2.3M,296.1K,2K
Summer Walker,1.6M,1.1M,199.2K,3.3K
Huỳnh Quang - Bảo Ngọc,457.6K,2.1M,185.6K,3.4K
Fo4eek,36.9K,1.9M,158.8K,2.6K
,3.3M,2.4M,188.4K,1.2K
Nada khaled,2.7M,2.1M,275.9K,1.3K
UPS,92.6K,1.2M,136.7K,2.2K
Ninja,8.3M,2.3M,216.2K,1.6K
Atta Halilintar,10.1M,2.6M,288.9K,1.3K
Nam Per,1.6M,2.5M,225K,1.5K
Stephany Leal,13.1M,1.7M,351.2K,738
Lucas Lopez,2.4M,1.3M,191.4K,1.3K
HOSHIN,11.4M,1.1M,250.8K,4.1K
Kau,7M,1.8M,262.9K,1.8K
Lyssa,60.1K,1.6M,92.6K,8.7K
Joe Bartolozzi,17.8M,1.5M,296.7K,2.8K
max khadar,1.3M,1.1M,197.6K,3K
JACKSON ACES MAGIC🎩,6.2M,1.5M,93K,3K
Dania,3.6M,1.7M,147.1K,2K
TRIỂN CHILL,491.4K,1.3M,177.1K,3.9K
Connor DeWolfe,5.3M,1.1M,276K,1.5K
Lou PERNAUT,1.3M,2.4M,280.7K,1.8K
[panyo ni irene],419.4K,1.1M,202.5K,2.8K
Anto,1.4M,1.4M,275.4K,1.4K
lu,30.1K,1.2M,186.9K,2.7K
Nick&Carrie,5.6M,1.9M,290.5K,1K
Juan Lopez,2.7M,1.4M,325.1K,1.7K
Bene,5.7M,2M,254.6K,1.6K
【コムドット】あむぎり,712.3K,1.3M,200.1K,3.8K
GOLDWIN REYES,1.5M,2.5M,335.3K,964
Lulu,299.6K,1.9M,223.9K,921
KingChristian,15.3M,1.4M,258.6K,2.2K
Fahmi,7.6M,2.2M,237.4K,1.8K
FARHAN,3.8M,1.7M,281.9K,1.8K
Lil Tjay,4.4M,1.8M,221.2K,2.7K
VILMEI✨,8.4M,1.7M,169.2K,3.5K
Ryann,4.4M,1.7M,272.2K,1.9K
вечно изящная,9.5M,2.6M,214.5K,1.8K
Fadil Jaidi,7.5M,2.5M,351.6K,967
D A R I A NR O J A S,29.4M,3.1M,445K,575
Ibai,8.9M,1.5M,260.5K,1.3K
Tommy,4.8M,2M,253.5K,1.9K
Linh Kool,4.5M,3.3M,330.3K,954
Rayoon,3.2M,2.2M,192K,2.1K
unnecessaryinvention,4.6M,2.2M,194.6K,2K
Basement Gang,5M,1.4M,275.2K,1.4K
بيسان اسماعيل - Bessan Ismail,10.1M,1.8M,132.1K,4.2K
【コムドット】ゆうま,812.7K,1.3M,188.3K,3.9K
anggun✨,14.8M,3.6M,178K,1.3K
Xibi Brothers,7.6M,1.8M,246.5K,888
MoniLina,14.5M,7.7M,128.1K,367
avani,40.4M,1.8M,237.6K,2.1K
Haijoel,409.5K,2.8M,167.7K,2.5K
samantha eve,5.8M,1.3M,205.4K,3.4K
Đào Lê Phương Hoa,10.8M,1.6M,255.3K,2.4K
𝙍𝙮𝙖𝙣𝘽𝙖𝙠𝙚𝙧𝙮,1.1M,1.6M,171.3K,2.4K
DJ Precise,3.4M,1.7M,186.4K,3.1K
Jeffree Star,2.2M,2.1M,208.4K,2K
Christiandaloii_,2.9M,1.5M,197.4K,2.5K
Eltourky 👑,6.7M,2M,235.7K,1.2K
Kbuloso 😈,5.9M,1.3M,87.3K,490
𝑳𝑨𝑵𝑨 🦋,4.4M,2.1M,161.7K,2.4K
ʟʏʀɪᴄᴏ,2.9M,1.1M,105.6K,1.1K
BeastEater,18M,2.7M,248.4K,1.7K
nick.digiovanni,8.6M,2.1M,295.3K,1.2K
Jacob🇭🇳,1.3M,2.2M,272.9K,1.4K
Steve Harvey,9.2M,1.8M,176.8K,1.7K
Bạn Tấn chúa tể nỗi buồn,777.6K,1.6M,153.1K,2.7K
gemelasabello2,13.2M,2.6M,293.2K,693
Arpostt,624.1K,1.7M,141.3K,733
Elaina,320.1K,1.9M,163.3K,2.3K
Bestluxurycars,3K,769.5K,136.9K,1.4K
JohaanZu,3.6M,1.7M,320.2K,1.6K
NELYRALL,4.6M,1.1M,214.5K,1.9K
Leigh McClendon,2.8M,1M,157K,1.3K
user4538340664186,82.9K,2.7M,67.4K,589
SOFARSABI,5.5M,2.1M,208.4K,2.2K
CEROL,4.1M,1.7M,180.4K,2.7K
animalize21🔥,10.3M,2M,248.1K,1.4K
Pierre,12.5M,1.9M,278.3K,1.6K
Loren Gray,54.3M,1.8M,248.4K,1.5K
football.tonight,391.5K,2M,152.2K,2.3K
danielmidas,281.8K,1.4M,119.1K,1.6K
ليلي محمود ♥️,3M,3.4M,204.7K,772
Q U I N T O N,6.4M,1.4M,169.8K,3.3K
Eric Tro,2.2M,3.7M,358.8K,453
🔥Dongol🔥,3.1M,2.2M,255K,1.1K
mad,5.7M,888.9K,194.4K,3.9K
Anxiety couple,10.7M,2.6M,274.9K,765
NildaChiaraviglio,798.9K,1.3M,117.9K,723
𝐇𝐚̣𝐜 𝐂𝐨𝐧🦩,325.1K,1.9M,157.8K,3.6K
深田えいみ,4.6M,2M,150.8K,2.6K
Ahmed Basyoni,1.2M,1.7M,125.9K,2.4K
sinadeinert,5.5M,967.7K,207.5K,4.6K
⚡️Austin & Lexi 💥,3.2M,1.3M,253.3K,1.5K
Jordan Scott,2.3M,900.6K,173.1K,3.7K
Manja,593.1K,1.5M,128K,2.2K
MOONTELLTHAT,13.1M,2.3M,156.9K,1.7K
@baraabolat,1.6M,2.3M,143.9K,2.5K
Danone💕,2.8M,1.3M,209.9K,2.9K
ARISHA ROSS,9.9M,2M,162K,3K
its._yara,749.5K,1.1M,65.4K,7.3K
Ava Love,2.7M,1.5M,299.5K,2.1K
مهيمن علاء,2.9M,1.2M,190.4K,3.5K
Salice Rose,18.6M,1.1M,201.3K,1.8K
➖V A L E R I A ➖,6.2M,2.7M,354.7K,803
SAAIH HALILINTAR,4.3M,3M,272.4K,893
Pierson,12.5M,2M,287K,1.7K
Mursid,2.2M,2.4M,179.1K,2.3K
STAYC,1.3M,1.6M,181.1K,2.9K
Liam Silk,6.9M,890.6K,249.6K,2.6K
𝕯𝖊𝖆𝖓,382K,1.3M,193.9K,607
Поля тут🔥👇,2.3M,3.1M,250.6K,711
trevor wallace,7.3M,1.5M,208.7K,759
Jarvis,2.2M,1.2M,251.7K,2.1K
Gerti & Megi,2.5M,4M,162.3K,904
Angelo,484K,1.4M,206.7K,2.1K
Lupine,81.4K,1.9M,376.2K,781
jonny devaney,1.5M,1.1M,172K,1.3K
Makayla,1.1M,1.4M,238K,1.8K
Josh Richards,25.6M,2.2M,297.8K,991
HAGA SEVEN/ No War🕊,1.7M,2.8M,120.9K,914
Nick Smithyman 😎,9.8M,1.6M,217K,1.9K
So_Andrey,541.1K,2.2M,111.8K,537
LA MARA,6.1M,959.7K,213.9K,5.1K
paulo🌻,375.9K,1.4M,224.9K,1.3K
Aaron Murphy,4.7M,1.5M,173.4K,1.4K
OkThat’sCreepy,366.8K,3.1M,144.3K,1.2K
Dylan Page,2.5M,1.2M,196.9K,2.8K
𝐹𝑎𝑏𝑖𝑜𝑙𝑎,11.6M,2.4M,288.7K,1.3K
ทาจิมานะ เรียว,24.1K,1.7M,236.5K,1.2K
rawan,3.4M,1.8M,189.7K,1.7K
Matt “Big Cheese”,7.6K,1.3M,187.3K,581
Никита,1M,1.4M,223.4K,1.9K
Charlyy,3.7M,2.4M,300.1K,914
Polly-Jae,158.4K,1.6M,188.8K,2.2K
Levent Geiger,3.1M,1.2M,165.5K,2.6K
Floofnoodles,17M,1.3M,154K,1.8K
•  R A T O N C I T O 🧀🐁,538.8K,932.6K,79.2K,905
【コムドット】ゆうた,1M,949.1K,179.7K,4.3K
kxmz,370.1K,2M,218.3K,999
faulox,6.8M,1.7M,172.4K,2.7K
kayess,4.8M,1.1M,169K,3.2K
Olivia Alpert,52.7K,2.6M,139.1K,1.9K
Brody Wellmaker,20.3M,1.8M,229.8K,1.3K
rani,18.1K,929.9K,251.6K,2.6K
Anthony,545K,850.4K,128.1K,2.3K
Måneskin,5.4M,1.1M,214K,2.9K
Gustavo Melo,4.6M,1.2M,86.8K,1.3K
Sam Samm,709.4K,2.1M,187.7K,1.8K
🔥bassantOfficial🔥,4.5M,2.7M,162.2K,1.6K
YT : AiChan TV,6.6M,1.7M,191.2K,2.5K
Jay Torres,3.8M,1.8M,242.7K,844
T,21.1K,951.6K,199.1K,1.3K
SiBenitoo,4.7M,2.2M,140K,1.7K
Jumpers Jump Podcast,6.4M,2.1M,220.1K,1.7K
WILLIE SALIM,8.3M,1.9M,148.2K,2.9K
Arianna Hailey,11.8M,1.7M,322.8K,1.6K
Mochamad,51.3K,1.3M,221.9K,955
Cam & Nie,3.2M,1.4M,173.9K,544
Cristóbal Soria,572K,1.2M,120.2K,4.4K
japeth023,557.9K,1.5M,194.2K,1.6K
YANFRY EL TIERNO🙈,4.2M,1.5M,166.6K,1K
Kuki_youtube,1.8M,1.5M,315.7K,1.3K
KOY,6.9M,2.2M,186.4K,1.2K
Tik Toker,1.4M,2.1M,306.5K,1.1K
Robson Abreu,3.2M,1.4M,82K,8.3K
Julia Gisella,10.2M,784.4K,186.9K,3.1K
Andrés Leal,2.8M,1.7M,91.6K,3.7K
Gabryell Urlan,6.8M,1.4M,221.9K,1.2K
kagramana,6.2M,1.2M,184.1K,1K
YIZARO,4M,1.4M,225.1K,2.6K
Adam W,15.7M,1.8M,179.5K,1.1K
XO Team,32.1M,2.1M,222.9K,1.6K
Sayden,3.3M,938.9K,257.3K,1.6K
JustTheNobodys,7.1M,1.4M,175.8K,2.2K
Sam Erix,8M,1.9M,369.2K,1K
Valent,7.5M,2.4M,272.6K,929
the cheeky boyos,10.9M,1.8M,252.8K,1.3K
cokodive,188.5K,871.1K,172.5K,2.8K
_Tusya_kiskis,6.7M,1.4M,161.2K,1.5K
danaandthewolf,187.3K,2.5M,252.5K,824
Pakoyaso,9.5M,1.8M,216.1K,1.2K
Переезд в Турцию 🇹🇷,364.5K,3.2M,69.4K,1.8K
teukuryantr,3.1M,1.7M,236.8K,1.3K
James Charles,36.1M,1.7M,191.6K,2.2K
Переезд в Турцию 🇹🇷,364.5K,3.2M,69.4K,1.8K
teukuryantr,3.1M,1.7M,236.8K,1.3K
James Charles,36.1M,1.7M,191.6K,2.2K
Carddd,1.5M,2.5M,271.1K,791
Mariah and Bill ღ,13.9M,2.7M,217.8K,1.2K
Karim Jamal,2.6M,1.4M,203.4K,2.4K
🇮🇩 BAGUS ISTRI 🇮🇩,4.9M,2.5M,154.5K,1.6K
Riska Nur Widia,2.6M,2.5M,276.8K,623
🖤ТВОЯ ВЕЧЕРИНКА🖤,1.7M,1.7M,326.3K,870
Mackenzie Ziegler,22.1M,2.1M,325.5K,1K
Yaren Alaca,5.4M,1.6M,119.2K,4.6K
Gabriel Valland,958.2K,1.1M,257.9K,1.7K
Judith & Ángel 🙋🏻‍♀️🙋🏽‍♂️,15.7M,3.1M,302K,763
ADAMRAY,6.8M,1.9M,217.6K,1.7K
Ethobot,534.2K,2.4M,203.1K,1.3K
lapizito,13.3M,2.1M,277.2K,1.2K
Фадеева🦞,760.2K,1.3M,113.2K,1.7K
Ross Smith,21.8M,1.4M,263.3K,814
Bentley Bastian,72K,3.1M,77.6K,826
𝖊𝖉𝖜𝖎𝖓,14.2M,1.8M,393.6K,1K
Júlio Cocielo,4.3M,1.3M,204.6K,1.5K
Riqqo_,66K,2.9M,170.3K,1.5K
LGNDFRVR,15.8M,1.9M,241.3K,670
jajad5,630.8K,982.4K,263.8K,2.1K
cocinaconcoqui,2M,1.4M,278.3K,628
Ruce Nuenda,1.1M,1.6M,280.9K,1.5K
Phương Thảo,5.1M,2.5M,267.9K,1.2K
Bryce Hall,21.3M,2.4M,283.2K,901
Dt,8.9M,1.1M,198.6K,1.8K
seleterr,27.1K,1.5M,180.5K,807
Teamsport_Philipp,23.2K,957.2K,140.4K,2.1K
Okan Taşdemir,175.1K,2M,60K,967
MONA,13M,2.6M,191.1K,1.5K
миша,1.1M,1.4M,197.7K,1.9K
KEEMOKAZI,26M,2.1M,256K,1.4K
Vivi,10.3M,1.7M,224.7K,2K
Stardust Crusader,99K,902.5K,149K,1.6K
Blanca Hernández,112.6K,1.4M,229.7K,1.4K
aEiOu,86.2K,2.9M,316K,595
Roozhkova,850K,1.5M,197.2K,964
Та самая училка❤️🔥,2.6M,1.9M,348.5K,714
mari,6.4M,1.3M,301.4K,1.9K
aakaanksh,4.9M,1.1M,86.4K,569
diZzLipin,909.6K,1.9M,79.9K,5.5K
😂 Aldo Miranda 😂,8.4M,1.3M,212.7K,605
nicolebernaal,4M,2.2M,351.3K,957
bella,5.1M,2.5M,340.4K,901
🌠Antonio Tonon🌠,5.8M,1M,206.8K,2K
Armoney,1.2M,1.9M,300.8K,904
Soanh x Diệp 💎,1.6M,2.6M,273.2K,720